Veganism,This new technology offers an opportunity to free animals from exploitation So why are some vegans opposed to it
Veganism,A vegan diet can be hard to adopt even if you re convinced it s the right thing to do An investigation of three optionsSuppose a person is very concerned about the ethical issues around food and farming especially animal welfare but for whatever reason fi
Veganism,Can innovative cooks and entrepreneurs take the continent back to its plant based roots We ve included chef Marie Kacouchia s recipe for Senegalese cauliflower yassa so you can judge for yourselfWhen Nicola Kagoro returned to Zimbabwe after a five year stint
Veganism,Agnieszka has been vegan for a year but slips up occasionally Dylan thinks she s being hypocritical You need to get to the meat of the matter ul li Find out how to get a disagreement settled or become a You be the judge juror li ul Agnieszka tells our
Veganism,It s not a failure of collective willpower that s jeopardising our health but a diet of bad food that s culturally familiar low in nutrition and super availableWestern culture bears a weight that it struggles to shift Two recent stories perhaps expose why
Veganism,Monterra sipping on sustainable and vegan wines with stylish packaging design abduzeedo For over a decade Monterra has been creating top of the line wines sourced from picturesque vineyards in South Australia But in recent times the brand has
Veganism,The health benefits of a meat based versus a plant based diet are often hotly debated both in the research community and by self styled health gurus on social media platforms A new study adds another checkmark to the plant based column this time looping in
Veganism,Eric Adams appears to oppose founding principle of the US constitution and supporting prayer in schoolsCivil rights groups blasted the mayor of New York City Eric Adams after he said he believed God had made him mayor appeared to support compulsory prayer
Veganism,This week s episode is all about the philosophy that helped shape a nomad s life Teekay Rezeau Merah talks to Ethan about veganism extreme minimalism and nomadism and the principles that guide him in this world Subscribe to Tiny House Lifestyle Podcast vi
Veganism,The environmental and health impacts of our diets show that it s worth considering veganism or at least flexitarianism
Veganism,By Zanandi Botes Published February th
Veganism,wheat protein market size jpg wheat protein market size jpg Dublin Feb GLOBE NEWSWIRE The Global Wheat Protein Market Size Share Industry
Veganism,Retaliatory rampage in Palestinian village likened to Kristallnacht in Huwara with one dead and injured Plus what s the most ethical alternative to veganism As you may have noticed you received yesterday s First Thing later than usual This was due t
Veganism,Vegans and meat lovers have repeatedly locked horns over what humans are supposed to eat in order to keep fit
Veganism,The singer becomes a mermaid to encourage veganism Continue reading
Veganism,Durian fruit market insights
Veganism,Decades ago almost all Americans ate meat and potatoes if they could afford them Even the fast food chains grew up around these staples In recent years people have started to move away from beef chicken and even fish The term vegetarian is used more
Veganism,The global plant based ham market size is expected to grow from USD billion in to US billion by it is estimated to grow at a CAGR of
Veganism,Veganism is a diet and culinary philosophy that excludes the consumption of all animal and animal derived products from fish and meat to eggs and cheese and for some vegans even to honey This doesn t mean boring meals as is clearly demonstrated by these
Veganism,Truth be told I find it hard to blame them
Veganism,A bride to be has been backed online for sticking to her guns after her guest mouthed off at a waiter and publicly criticized her
Veganism,Segmented By Product Type Jellies Vs Gummies By Category Conventional Vs Functional By Distribution Channel Supermarkets Hypermarkets Departmental
Veganism,Moby has released a new movie documentary It s called Punk rock Vegan and it explores the intersection between veganism and punk rock It features interviews with many artists including Ian MacKaye Three Gut Records of the Bad Brains Doyle of The misfits
Veganism,Liquid Type of Aquafaba Market to Register a CAGR of over in the Next years Mentions Persistence Market ResearchNew York Feb GLOBE
Veganism,Sustainable investing was founded by faith based investors Although of Republicans and of Democrats believe in God faith based investor voices have been noticeably lacking in the current controversy over sustainable investing This article is seeks
Veganism,Court documents were filed Monday in the case of Dominion Voting Systems defamation suit against Fox News for knowingly lying about the company somehow stealing the election Lincoln Project co founder and ex Republican Rick Wilson took to Twitter abo
Veganism,Pune Feb GLOBE NEWSWIRE Globally the Plant Based Food Ingredients Market Size is expected to expand at a significant CAGR over the next few
Veganism,The Washington Compact on Norms of Behavior for Commercial Space Operations was formalized on Wednesday February in Washington D C and has been
Veganism,The U S Marshals Service USMS suffered a ransomware security breach this month that compromised sensitive law enforcement information a spokesman said on Monday The Marshals Service notified the U S Department of Justice to the breach and agents ther
Veganism,Rep Marjorie Taylor Greene voted against a resolution to mourn the nearly people who died in earthquakes that rocked Syria and Turkey earlier this month The Daily Beast reported The Georgia Republican was just one of two members of Congress who voted
Veganism,Global Packaged Vegan Foods Market The analyst has been monitoring the packaged vegan foods market and is forecast to grow by mn during
Veganism,Canadian actress cultural icon and animal rights activist Pamela Anderson is in Toronto this week if you haven t already heard promoting her freshly dropped book Love Pamela a celebrity memoir that s said to be as mould breaking as the star herself Nee
Veganism,Michael Lind the the conservative turned liberal calls for a popular front to support the Republican Party Lind is a case study in discourse poisoning when intellectuals confuse abstract debates for the actual political choice
Veganism,vegan vegetarian Vegan vegetarian vegetarian
Veganism,From Keto to Paleo and intermittent fasting people are often willing to try anything when The post Celebs Who Spark the Biggest Diet Trends According to Online Searches appeared first on HelloGiggles
Veganism,Olive Olivemagazine
Veganism,Decades ago almost all Americans ate meat and potatoes if they could afford them Even the fast food chains grew up around these staples In recent years people have started to move away from beef chicken and even fish The term vegetarian is used more
Veganism,The Damned s new album will follow their upcoming European Tour and will introduce fans to a a new Darkadelic universe
Veganism,It was an unexpected end to an unlikely relationship between a pork empire and animal rights activists
Veganism,The January American Perspectives Survey sheds some light on dating preferences experiences and perspectives The national survey of more than adults age and older including nearly single adults finds that Americans have strong dating pr
Veganism,The Global Wheat Protein Market Size Share Industry Trends Analysis Report By Application By Concentration concentration concentration and
Veganism,
Veganism,Data Bridge Market Research analyses that the pet food flavours market was valued at a USD billion in is expected to reach the value of USD
Veganism,China Seaweeds Market is expected to grow at a CAGR of from to reaching a projected value of US billion The Japan seaweeds market is
Veganism,Zoos have been controversial for nearly as long as they ve existed Proponents argue the institutions are safe controlled environments where the public can view and learn about wild animals Opponents insist zoos are inhumane bastions for the animals they ho
Veganism,Dublin Feb GLOBE NEWSWIRE The Global Wheat Protein Market Size Share Industry Trends Analysis Report By Application By Concentration concentration concentration and concentration By Product By Regional Outlook and Forecas
Veganism,Major players in the milk substitutes non dairy milk market are Hain Celestial Group WhiteWave Foods ADM Nutriops S L and Blue Diamond Growers The
Veganism,There is a startled pause on the other end of the line when I ask a something lawyer in Paris whether he s worried he might get sacked for sleeping with a
Veganism,Jessie J has been following a vegan diet for years as she said it has helped her with chronic pain due to fertility issues but now the singer is pregnant and her cravings have begun to take over The star took to her Instagram Stories this week to reveal sh
Veganism,There are people who have money they re a bit tired of everything said the Michelin star chef
Veganism,Veganism is a diet and culinary philosophy that excludes the consumption of all animal and animal derived products from fish and meat to eggs and cheese and for some vegans even to honey This doesn t mean boring meals as is clearly demonstrated by these
Veganism,Don Bucio from the owners of Bloom Plant Based Kitchen is now open
Veganism,Can Meat Alternatives Eliminate Pastoral Farming FMI Says Market to Exceed US Billion in amid Trend for Veganism The USA meat alternative market is expected to surge at a CAGR of during the forecast period The market witnessed growth at a C
Veganism,Nut Butters Market Research Report Trends and Insights Information By Product Type Peanut Almond Cashew Hazelnut and Others By Category Conventional and Organic By Distribution Channel Store Based and Non Store Based And By Region North America E
Veganism,The Global Rice Protein Market was worth USD million in and is anticipated to accumulate a valuation of USD million by registering a
Veganism,A latest research report pages with Degree visibility titled Mycelium Market Share Size Trends Industry Analysis Report By Nature Organic
Veganism,Cruelty Free Cosmetics Market Research Report Trends and Insights Information by Product Type Skincare Products Haircare Products Makeup Colour
Veganism,Global oleochemicals market was valued at US Mn in and is projected to reach US Mn by The market is registering a CAGR of
Veganism,WASHINGTON Feb GLOBE NEWSWIRE The Global Commercial Seaweed Market is valued at USD Billion in and is projected to reach a value of
Veganism,Quick Service Restaurants Market Trends and Insights Research Report Information By Service Type Self serviced Assisted self serviced Fully serviced By
Veganism,The Soy Protein Ingredients Market is estimated to be valued at USD billion in It is projected to reach USD billion by recording a CAGR
Veganism,The Global Plant based Meat Market size is projected to be Billion by at a CAGR of from to as per a recent study published by
Veganism,After going viral by saying she wanted to play a dolphin Jennifer Coolidge gets closer to her dream role in e l f Cosmetics first Super Bowl commercial but ends up getting stuck on everything
Veganism,Companies covered in dairy market are Arla Foods Muller Group Groupe Danone Nestle S A Fonterra Co operative Group Limited Dairy Farmers of America Kraft Foods Amul Industries Private Limited Yili Mother Dairy Fruit Vegetables Private Ltd and Th
Veganism,Rappers used to be irrelevant after age Freeway s diagnosis and success aided in eliminating the stigma
Veganism,The mainstream media has finally caught on to something that has been brewing in America for decades The deepening divide between two cultures On one side is the Blue State coastal leftist authoritarian atheist urban culture And on the other side is the
Veganism,The global plant based ham market size is expected to grow from USD billion in to US billion by it is estimated to grow at a CAGR of from to The global plant based ham market size is expected to grow from USD bill
Veganism,After going viral by saying she wanted to play a dolphin Jennifer Coolidge gets closer to her dream role in the teaser for e l f Cosmetics first Super Bowl commercial
Veganism,A vegan TikTokker says she was treated rudely by Essex restaurant Sheesh which is beloved by celebrities including Katie Price and reality TV stars saying the eatery refuses to serve vegans
Veganism,The global industrial hard margarine market size is driven by rising demand for margarine as a low cost alternative to butter proliferation of european
Veganism,Black History Month is celebrated every February but in the creator economy there are trailblazers who are redefining what it means to be an influencer every day week and month of the year To celebrate these Black role models and mold breaking artists on
Veganism,Vegans and vegetarians have long argued their approach to eating is the kindest to animals and to our planet
Veganism,The transition to a plant based lifestyle was pretty easy now I believed it could extend my life
Veganism,Liquid Type of Aquafaba Market to Register a CAGR of over in the Next years Mentions Persistence Market Research Liquid Type of Aquafaba Market to Register a CAGR of over in the Next years Mentions Persistence Market Research
Veganism,Segmented By Product Type Jellies Vs Gummies By Category Conventional Vs Functional By Distribution Channel Supermarkets Hypermarkets Departmental Stores Grocery Stores Online and Others Direct Sales Specialty Stores etc Segmented By Product Type
Veganism,Nut Butters Market Research Report Trends and Insights Information By Product Type Peanut Almond Cashew Hazelnut and Others By Category Conventional and Organic By Distribution Channel Store Based and Non Store Based And By Region North America E
Veganism,The extensive and vast network of veterinary clinics and hospitals improve access to animal healthcare thereby contributing to the animal parasiticides market s growth The North American region emerged as the largest global animal parasiticides market with
Veganism,The chef s go to Thai spots where he grabs a bite to eat solo and more
Veganism,Miley Cyrus could be called the queen of re invention From Hannah Montana Disney star to Bangerz wild child to Malibu romantic and now a millennial rock rebel Cyrus is the perfect example of an ever evolving artist In a similar fashion Cyrus s well
Veganism,Pune Feb GLOBE NEWSWIRE Globally the Plant Based Food Ingredients Market Size is expected to expand at a significant CAGR over the next few years due to its growing scope and applications Key factors such as rising demand for plant based pro
Veganism,Anna Pursglove uncovers some of the best pet names over the years Darling is a medieval phrase that came from dear ling meaning dear one
Veganism,Global Packaged Vegan Foods Market The analyst has been monitoring the packaged vegan foods market and is forecast to grow by mn during accelerating at a CAGR of during the forecast period Global Packaged Vegan Foods Ma
Veganism,Global Durian Fruit Market The analyst has been monitoring the durian fruit market and is forecast to grow by mn during accelerating at a CAGR of during the forecast period Global Durian Fruit Market The analys
Veganism,Pages Latest Report According to a market research study published by Custom Market Insights the demand analysis of the Global Fast Food Quick
Veganism,What will the nation eat more of this year Chef Sanjeev Kapoor shares some insights
Veganism,More people are opting for a social omnivore lifestyle could it save the planet your health and your social life
Veganism,Pamela Anderson openly acknowledges her rage as she confronts injustices throughout her life in a memoir that mixes prose and poetry and reveals her as politically active emotionally fragile and intellectually hungry
Veganism,A man has sparked furious outrage after he revealed his brother s new girlfriend stormed out of a family meal because there weren t enough vegan options for her
Veganism,WASHINGTON Feb GLOBE NEWSWIRE According to a report published by Vantage Market Research the Global Cheese Market was valued at USD
Veganism,NEW YORK Feb PRNewswire A latest research report pages with Degree visibility titled Mycelium Market Share Size Trends Industry Analysis Report By Nature Organic Conventional By Form By Application By Region Segment For
Veganism,Vegans after saying nice to meat you instead of nice to plant you
Veganism,China Seaweeds Market is expected to grow at a CAGR of from to reaching a projected value of US billion The Japan seaweeds market is expected to flourish at a CAGR of during the forecast period The Aquaculture Market is predicted
Veganism,Major players in the milk substitutes non dairy milk market are Hain Celestial Group WhiteWave Foods ADM Nutriops S L and Blue Diamond Growers The global milk substitutes non dairy milk market will grow from billion in to billion in
Veganism,Whether you re cutting back on meat after watching a devastating Polish film about a runaway donkey or you genuinely can t remember the last time you
Veganism,Data Bridge Market Research analyses that the pet food flavours market was valued at a USD billion in is expected to reach the value of USD billion by at a CAGR of during the forecast period of Data Bridge Market Researc
Veganism,The singer who is preparing to welcome her first child with boyfriend Chanan Colman gave her fans an insight into her feelings
Veganism,LONDON Feb PRNewswire The Global Rice Protein Market was worth USD million in and is anticipated to accumulate a valuation of USD million by registering a CAGR of over the forecast duration of Rice prot
Veganism,NEW YORK Feb PRNewswire Durian fruit market insights Vendors Including Charoen Pokphand Group Co Ltd Durian Harvests DURIAN BEAR Sdn Bhd Grand World International Co Ltd Hernan Corp Sdn Bhd Inter fresh Co Ltd NAM VAN LONG C
Veganism,Frozen Food Market is Likely to Register the CAGR of Between the Forecast Years of to Frozen Food Market is Likely to Register the CAGR of Between the Forecast Years of to
Veganism,NEW YORK Feb PRNewswire Packaged vegan foods market insights Vendors Including Amys Kitchen Inc Archer Daniels Midland Co Beyond Meat Inc Blue Diamond Growers Campbell Soup Co Conagra Brands Inc Danone SA DR Mcdougalls Rig
Supplement,Your r sum is polished your interview skills are strong but there s one thing standing between you and your ability to press submit on a job application the cover letter For many job seekers writing a cover letter is soul sucking and time consuming I
Supplement,The views are better from a slow train says our rail expert who recommends six leisurely routes across some of Europe s most captivating landscapesFew pleasures compete with relaxing on a comfortable train and watching the landscape slip by beyond the windo
Supplement,Good news for the cows of the sea
Supplement,There s something for everyone this week in the world of young people culture whether you like post apocalyptic drama shaming creepy dudes at the gym or pretending to be a wizard in one of them damn vidja games Read more
Supplement,A suspected deepfake video shared on TikTok appears to show Joe Rogan and a guest promoting a supplement called Alpha Grind The video has been removed over breaching TikTok s policy
Supplement,Augustinus Bader s skincare has gained a cult following but can its new supplement really Fountain of Youth ify your hair
Supplement,Today more than million people are working remotely creating accessing sharing and storing data wherever they go and data breaches arising from insider threats and simple mishaps can cost businesses an average of million annually Ultimately i
Supplement,Post s Sweet Dreams cereal contains ingredients meant to stimulate melatonin production and help consumers sleep better during bedtime
Supplement,ul li World Boxing Council says Benn has reasonable explanation li li Fighter still subject to British Boxing Board of Control probe li ul Conor Benn has been cleared of a failed drugs test because he ate too many eggs The World Boxing Council absol
Supplement,Kevin over at Simple DIY ElectroMusic Projects recently upgraded his Lo Fi Orchestra To celebrate his th blog post he programmed it to play Tchaikovsky s Overture Two Arduino Nanos four Arduino Unos read more
Supplement,After completing new Pok mon Go Special Research you ll be tasked with picking between Ruby and Sapphire ahead of the Go Tour Hoenn Global event
Supplement,You can have several overlapping life insurance policies that meet different needs and serve different roles throughout your lifetime experts say
Supplement,CISOs explain why self healing endpoints are essential for consolidating tech stacks reducing costs and increasing cyber resilience
Supplement,InfoWars Alex Jones is spending nearly a month He owes more than a billion in damages to the families of Sandy Hook victims
Supplement,Supplemental magnesium may help improve some people s sleep and anxiety and depression symptoms But know this before taking it
Supplement,Come March participants in states will lose a pandemic era emergency bonus to their food benefits
Supplement,Want less stress and inflammation paired with better sleep and immunity It might be time to check out ashwagandha
Supplement,Bageshwar Dham Sarkar s supporters claim he has divine powers can heal the sick and read people s minds
Supplement,Scientists have for the first time constructed the reference genome for the source of the popular fiber supplement psyllium husk which could boost supplies of the versatile plant derived product
Supplement,Overweight people who took this antioxidant supplement managed to slim down without diet or exercise
Supplement,Best IQ supplement for older adults with mild cognitive impairment MCI
Supplement,Bryan Johnson a multimillionaire biotech CEO follows a strict daily regimen in the hopes of slowing his aging Here s what experts think of it
Supplement,Learning how to make money blogging might be your first step to Financial freedom Working from home Quitting your day job Escaping the If you do it right blogging is a fantastic way to make money to supplement your income or rely on it entirely There a
Supplement,Everyday care and regular vet visits can keep your dog out of the emergency vet while also keeping costs down with pet insurance How often should your pet check in with the vet
Supplement,The contaminants add to a long list of chemicals found in Southern Resident and Bigg s orcas both of which are at risk of extinction
Supplement,Everyday care and regular vet visits can keep your dog out of the emergency vet while also keeping costs down with pet insurance How often should your pet check in with the vet
Supplement,Achieving and maintaining healthy D status isn t so simple
Supplement,Here s what reviewers have to say about the bestselling product
Supplement,Here are some ways to use nature s pre workout
Supplement,Internet giant Amazon is providing million in funding for the development of the world s first commercial scale seaweed farm which will be locat
Supplement,Gaspar No s grim provocation is returning to select US cinemas but the straight cut is a supplementary curio at bestThere is no question that Gaspar No s Irr versible belongs on the shortest of short lists for the most provocative film of the current cent
Supplement,Iron deficiency can strike anyone Here s how to know if you re getting enough daily iron
Supplement,These foods are rich in nutrients that help you maintain and build muscle more easily
Supplement,Discover the best family life insurance companies and their plans The best life insurance companies for families cover funeral costs debt and unique coverage perks
Supplement,Keeping queen bees chilled in indoor refrigeration units can make the practice of queen banking storing excess queens in the spring to supplement hives in the fall more stable and less labor intensive a Washington State University study found It may also
Supplement,In calculating premiums insurers take into account gender age place of residence car type driving experience and nationality Statistically these factors influence the probability of an accident Insurers try to assess a driver s risks as precisely as
Supplement,Millions of Americans are about to see their food stamps slashed Some told Insider that that means losing a sense of security and nutrition
Supplement,This Florida physician started offering aesthetic injections at Botox parties after work and on her days off Now she owns a med spa with her husband
Supplement,Learn about what disability insurance is and the different subtypes long term short term and group in our comprehensive guide now
Supplement,Can AI learn from atmospheric data and improve weather forecasting The neural network MetNet achieves this by forecasting the fast changing variable of precipitation up to h ahead more accurately and efficiently than traditional models based on hand cod
Supplement,My sleep quality took a hit once I started menopause
Supplement,The vast world of supplements can be a tad overwhelming
Supplement,I feel good I feel light I feel like I m finally at my optimal weight
Supplement,The Internet is not lacking for tools to create online courses I ve tried a lot of them over the years The bad ones force you to become an expert on how to use their platforms before you can publish your own courses The good ones make it easy for you to de
Supplement,Apple has made a subtle but significant change to its website meaning that it is now quicker to find products and more services are displayed The redesign applies only to the menu at the top of the screen rather than to the whole page But it has been done
Supplement,Coronal mass ejections CMEs are large expulsions of magnetized plasma from the sun Determining the spatial and temporal evolution characteristics of CMEs especially their possible periodic patterns is valuable for establishing the unique correlations amo
Supplement,Research suggests that exercise can enhance the benefits of mental health treatments including therapy and medication
Supplement,Metal oxide nanoparticles commonly used as food coloring and anti caking agents in commercial ingredients may damage parts of the human intestine say Cornell and Binghamton University scientists
Supplement,A popular herbal antidepressant has dangerous side effects
Supplement,There are four secret jobs in Octopath Traveler arcanist armsmaster conjurer and inventor We list out where to find them and what they do
Supplement,After Florida s governor vowed to block the class a revised version with key writings removed sparked swift backlashKeziah Ridgeway says teaching African American history is about being the teacher that I never had The Philadelphia public high school
Supplement,Your body doesn t produce calcium on its own so it s important to get it through food sources
Supplement,Your poop can tell you a lot about your health
Supplement,Add this vitamin to your regimen to promote longevity
Supplement,Utilizando la C mara de Energ a Oscura ubicada en el Observatorio de Cerro Tololo que opera NOIRLab de NSF y Observatorio AURA en Chile los astr nomos lograron un gigantesco estudio del plano de la V a L ctea que contiene millones de objetos astron mi
Supplement,How to tell if your collagen supp is up to par
Supplement,In an interview Katz talks about the state of audiobooks competition from Spotify and the limits of shareholder capitalism
Supplement,Anyone who suggests that your vagina isn t fresh or needs an improved taste is a misogynist and awful person one doctor wrote of Kourt s pussy probiotics
Supplement,Time to level up your skin routine from within
Supplement,Keurig Dr Pepper has made a significant investment in the growing sports supplement market Click here to see why KDP stock is a Hold
Supplement,Squid inspired smart windows make buildings more energy efficientThe University of Toronto researchers have been busy at work busy drawing inspiration from the fluctuating and color changing skin of squids and using it
Supplement,New research finds vitamin D supplements may help those with prediabetes lower their chances of a full diabetes diagnosis
Supplement,Magnesium is an essential mineral for overall health and of us are deficient Our Magnesium L Threonate formula has been shown to increase brain magnesium levels much higher than any other form of magnesium and utilizes liposomal delivery for fast and ef
Supplement,To Nasdaq Copenhagen Nykredit Realkredit A S publishes supplement no to Base Prospectus dated May Nykredit Realkredit A S publishes supplement no
Supplement,Marvel Snap s Into the Quantum Realm season is a great example of how to do movie tie ins right in a comic book game
Supplement,Your hair will thank you
Supplement,Luckily getting enough is easier than you think
Supplement,Every day around the world bn cups are consumed But what actually happens after you swallow that first mouthful Here is everything you need to knowCoffee Go juice Liquid gold The one with all the psychoactive properties Once used by Sufi mystics as a
Supplement,The Federal Trade Commission has issued a Health Products Compliance Guide This amazing publication takes on the Dietary Supplement Health and Education Act of That act effectively removed the FDA from regulating dietary supplements It also allowed
Supplement,Smart alec worker found a way to avoid nasty boring jobs by doing what he was told Who Me Ah gentle reader welcome back once again to the comfortable backwater of The Register we call Who Me in which readers tales of not quite rightness are immortal
Supplement,Google Search may never be the same
Supplement,Das Hormon Melatonin ist mittlerweile in jeder Drogerie erh ltlich und soll uns besser einschlafen lassen Das klappt aber nur in bestimmten F llen und manche Menschen sollten die Einnahme sogar ganz vermeiden
Supplement,Affordable pet insurance companies offer comprehensive coverage options at affordable rates Affordable pet insurance saves you money on veterinary bills when you file a claim
Supplement,Explore our comprehensive guide on the best universal life insurance companies of We reviewed multiple UL providers to find the best option for you
Supplement,I was skeptical but after trying this stuff I m not ashamed to say that truffle is once again reigning supreme is back baby
Supplement,No ice bath necessary
Supplement,Move over melatonin This dietary supplement also promotes quality sleep
Supplement,Thinking about grabbing a PlayStation VR but are new to the tech A VR newbie shares his first week with Sony s headset
Supplement,With Medicare what you think you know can hurt you
Supplement,CARSON CITY NV Feb GLOBE NEWSWIRE via NewMediaWire Pharmagreen Biotech Inc OTC PINKS PHBI Pharmagreen or the Company is pleased
Supplement,Lief Labs a premier formulation and product development innovator and manufacturer of dietary supplements is pleased to announce the launch of its
Supplement,Andrea Donsky and Randy Boyer had their first glimpses into the unfamiliar world of perimenopause in Changes in their bodies like overnight weight gain
Supplement,st century women wear a lot of hats They own businesses raise families teach lead support and generally help the world go round every day And yet
Supplement,Innofactor Plc Inside Information on February at Finnish time Innofactor supplements the stock exchange release published on February
Supplement,VemoHerb is a popular Eastern European health and wellness brand that creates botanically based supplements with exceptional potency The brand is known for
Supplement,Essential Elements Nutrition Ee the premium affordable and science backed sports nutrition brand is changing the way testosterone supplements boost
Supplement,A pair of facilities have all the tell tale signs of launchpads for high altitude spy balloons
Supplement,Personalization is heating up the healthcare field These five tech forward companies are all having disruptive influences in customized medicine
Supplement,Natural Alternatives International Inc NAI Nasdaq NAII an international leader in custom contract nutritional supplement manufacturing for over
Supplement,NUZEST USA has been recognized by News Health which announced today that this particularly entrepreneurial and innovative provider of nutritional supplement
Supplement,Here s how to optimize your bone health amp longevity
Supplement,Plus the creative ways she prepares them
Supplement,Vitamin C is more nuanced than meets
Supplement,It s Nice That visits the studio of the comedian painter sculptor and much more to learn about his love of creativity the relationship it has with standup and his new book a homage to one of his favourite objects bins
Supplement,Leading global nutritional supplement company Metagenics today announced it has named Pat Smallcombe a current Board member and experienced industry
Supplement,Bill Shufelt And John Walker Are Making Nonalcoholic Beers Tasty Enough To Please The Biggest Sud Snobs And With A Nearly Million Valuation Investors Are Intoxicated
Supplement,While Medicare Advantage can be a great coverage option for many for others the associated restrictions and unpredictability come as a downside
Supplement,Does that mean it s goodbye gummies
Supplement,Many of us have dreamed of the potential of early retirement or FIRE but it can be overwhelming to figure out how you might sustain yourself as you move into this new phase of your life Luckily there are many options Aside from saving the amount you need
Supplement,There are two nutrition based approaches a person can take when trying to improve their mood naturally without drugs or pharmaceuticals One way is to use supplements and individual nutrients to adjust the specific neurotransmitters that help determine our mo
CrueltyFree,Companies like Conagen are revolutionizing the way we source fragrance materials By working with fragrance creators at Sensegen they are bringing to life natural sustainable and affordable scents like the first crueltyfree musk
Meat,This new technology offers an opportunity to free animals from exploitation So why are some vegans opposed to it
Meat,About a month ago I found a two for one deal on tri tip steaks and I bought a whole bunch Having recently read an article claiming one can dry age steaks by simply leaving them in the refrigerator for an extended period of time I decided to try it out Thi
Meat,French fries tater tots and even the humble baked potato all like to get dressed up with a special dip to match the occasion Ketchup mayo or sour cream are common condiments but they can get a little humdrum Instead of playing it safe get a little dar
Meat,Tennessee meat plant workers reach mln settlement over Reuters
Meat,Brazilian meat processor BRF posts mln fourth quarter loss Reuters
Meat,Agnieszka has been vegan for a year but slips up occasionally Dylan thinks she s being hypocritical You need to get to the meat of the matter ul li Find out how to get a disagreement settled or become a You be the judge juror li ul Agnieszka tells our
Meat,Subway one of the world s most recognizable fast food brands has confirmed it s up for sale
Meat,We re only now starting to feel the effects of an avian flu outbreak last year that decimated flocks and put a strain on egg stocks resulting in boosted prices But there s good news if all you care about is the egg experience and not where the eggs actuall
Meat,The suit claims the e commerce giant is violating California law by selling products made with ejiao a gelatin made from the skin of donkeys
Meat,A former US Marine told ABC News the city of Bakhmut dubbed the meat grinder has seen some of the worst fighting since Russia s invasion
Meat,In Namangan Uzbekistan thousands of pillowy Samsas stuffed with minced meat spices onions and vegetables are cooked in vertical tandoor ovens
Meat,Republicans in Iowa and Minnesota proposed bills to allow kids ages to work jobs with a shortage of labor like meat packing and construction
Meat,Late night hosts discuss the ex South Carolina governor s campaign against her former boss Trump for the Republican nominationStephen Colbert celebrated Valentine s Day with his Late Show audience on Tuesday evening by discussing the news that Nikki Hale
Meat,As concerns grow about the climate impact of meat startups look to make more dog and cat foods that are plant based made from insects or lab grown
Meat,The former kickboxer has achieved global notoriety by peddling violent misogyny to millions and claims to have made trillions but is his life of fast cars and luxury a facade Andrew Tate used to cruise along these scruffy suburban streets about miles
Meat,The avian flu has killed millions of chickens decimated wild birds and moved into mammals Now the poultry industry needs new measures to stop its spread
Meat,One pot less waste an economical version of a classic stew using the bottom of a bottle of red and cuts of meat that are still relatively good valueToday s dish is inspired by a classic French recipe joue de boeuf or beef cheeks braised in red wine from
Meat,We got hit in the mouth in Q because of all the protein on the market Tyson CEO Donnie King said in a Monday call with investors
Meat,Lamb neck slow cooked in Mexican herbs and spices shredded and served with tacos slaw and chilli sauceBirria is a sensational dish from northern Mexico It s designed for scraggy cheap cuts of lamb goat or beef which is marinated in a blend of dried chil
Meat,Abby Choi s in laws and ex husband are in custody after her remains were found in a fridge in Hong Kong
Meat,And what exactly is stew meat anyway Let the experts explain
Meat,Juicy pork steaks in a sizzling spicy saucePut g of small mixed tomatoes into a blender or food processor Tip tbsp of yellow mustard seeds into a shallow pan and fry them covered with a lid for a minute or two until they start to crackle and pop Remo
Meat,Sadly the party s over Mardi Gras that is Folks of the Catholic persuasion donned their ashes yesterday and are settling into days of Lent February to April where the faithful may or may not give up some kind of vice and or incorporate a new spi
Meat,Louisiana fisherman stumbles across scene of sharks gorging themselves on large pod of fishThinking he had spotted a tuna boil and thereby found his own prey a Louisiana fisherman soon realised he had instead stumbled across a huge group of sharks engaged
Meat,Introducing the flummadiddle a sort of cross between bread pudding french toast and a fry up and an intriguing way to use up stale breadJames Ramsden s latest cookbook Every Last Crumb shows how bread is more than just the sum of its parts He guides us
Meat,Surprise The guy who co created a show that features jellybean molestation allegedly sexually harassed women online and awaits trial on more recent domestic violence charges But before you send your Pickle Rick through the meat grinder take a deep breath
Meat,Chick fil A debuts the cauliflower sandwich Monday in Denver Colorado Charleston South Carolina and North Carolina s Greensboro Triad region
Meat,Can innovative cooks and entrepreneurs take the continent back to its plant based roots We ve included chef Marie Kacouchia s recipe for Senegalese cauliflower yassa so you can judge for yourselfWhen Nicola Kagoro returned to Zimbabwe after a five year stint
Meat,Su Jit Lin whose parents owned a Chinese takeout restaurant when she was a kid said it was a hard life that could be hard on the mind and spirit
Meat,A warming herby meaty pasta treatPeel and finely chop medium sized onions Warm tbsp of olive oil in a pan over a moderate heat I use a nonstick frying pan cm in diameter then stir in the onions and cook for minutes stirring regularly until
Meat,The rising costs of kosher meat led Jewish women to organize a butcher boycott The successful action alerted the immigrant community to women s political power
Meat,The jumbo three toed dino might have been squatting down when it left the print in Yorkshire
Meat,Plant based meat is in a slump Could adding some lab grown animal fat get people hooked
Meat,A quick filling midweek meal you can make from economical store cupboard ingredientsWhen I was growing up this traditional Bengali curry was our go to store cupboard dish the thing we made when there wasn t any decent fish at the market or we d forgotten
Meat,While digital content creators focus on the bones and meat of their assets worrying about the info comprehensiveness and other factors critical for visibility and higher rankings in search engines they often forget about its skin Yes content is king
Meat,A vegan diet can be hard to adopt even if you re convinced it s the right thing to do An investigation of three optionsSuppose a person is very concerned about the ethical issues around food and farming especially animal welfare but for whatever reason fi
Meat,Tens of thousands of prisoners agreed to fight with the Wagner Group in Ukraine but most of them died on the battlefield reports said
Meat,Doctors want to clear these up because some of them are flat out wrong
Meat,He wanted no glory for it California s Hope the Mission said of the Foo Fighters frontman s kind act
Meat,Wild Hearts is a new hunting game from EA that mixes together aspects of Monster Hunter and Fortnite and launches on February th on the PC PS and Xbox Series X S
Meat,The Sportsman Club offers beer darts and South Asian cuisine in the finest tradition of Britain s Desi pubsThe Sportsman Club High Street West Bromwich B PP Starters mains desserts beers from Some pe
Meat,Pasta scraps and a tin of beans make a comforting and thrifty soupTraditional peasant cooking is the foundation of even the most extravagant haute cuisine Simple thrifty recipes allow ingredients to speak for themselves rather than hiding them behind a mask
Meat,A study from the US has emerged that shows those innocuous jars of seasoning might be among the germiest parts of your homeName Spice racks Age Ancient Continue reading
Meat,In a randomised trial students who listened to a single minute talk on the health and climate impacts of meat ate per cent fewer meat based meals over the next three years
Meat,Cultivated meat is often heralded as an emerging alternative to intensive animal agriculture promising new ways to produce slaughter free beef pork or poultry proteins But one cellular ag start up is working from a different playbook Primeval Foods is dev
Meat,An employee at Packers Sanitation Services Inc hired the same child twice under two different identities within six months and has been disciplined
Meat,Consumption in France has dropped as people eat less meat in a warning of how precious culinary traditions are linkedIn Bordeaux winemakers are demanding government compensation to destroy vines and turn unsold stock into industrial alcohol prices having c
Meat,The long time vegan actor s new venture comes amid a wider reckoning over the media and public s treatment of the former Baywatch starPamela Anderson will host her own cooking show focused on plant based recipes Pamela s Cooking With Love has been ordered to
Meat,Shawarma is a form of slow roasting meat on a spit and it s often sold by street vendors in countries like Iraq Israel and Turkey The meat is typically served on a flatbread along with hummus tahini and pickled cabbage You might not be able to cook usi
Meat,Whether you want to thicken a stew tenderise meat or get your scallops squeaky clean the pros have a trick for itIf you have ever tried to re create a restaurant dish at home you will almost certainly have been perplexed by the experience No matter how mu
Meat,Three touches Three impacts Three distinct noises The whip of a perfectly struck football off the meat of Jorginho s boot The symphonic clank of the Villa Park crossbar The dull thud as it clattered off the skull of a blameless Emi Mart nez Perhaps this
Meat,From cork to pineapple to mushrooms there are plenty of plant based leathers available today But many come wrapped in a layer of polyurethane ul li Get our weekend culture and lifestyle email li ul One of the fastest growing areas in the quest for next
Meat,Tesla still has the leg up on the competition and I think they demonstrated that yesterday Mark Fields told CNBC
Meat,Volodymyr Nazarenko a deputy commander in the National Guard of Ukraine called the situation in Bakhmut critical
Meat,CNN interviewed one of the Amish from whom Republican congressman George Santos allegedly stole puppies in Santos was charged with writing bad checks but the prosecution was dropped without much explanation the kind of outcome that characterizes Santos
Meat,This fragrant dish is rooted in Jamaican stewed pork while the green seasoning common all over the Caribbean adds even more flavourThis dish is rooted in Jamaican stewed pork but I ve ratcheted up the pimento or allspice so it really sings Fragrant and
Meat,Campaigners urge leading poultry producer Avara Foods to fund reparations for pollution from its chicken farm suppliersAvara Foods a leading supplier of chicken to Tesco is being urged by campaigners to pay reparations to help clean up the River Wye The Wye
Meat,The TV presenter starts early then winds down with a vegetarian roast walking the dog and watching Christmas movies while having a good soakWork or pleasure I know a lot of people think Sundays are your day off but it s one of my busiest days Being in th
Meat,Thirty year old Bobi snatched title from US pup in upset longevity credited to human food and calm peaceful environment It s a dog s life for one small US pup this weekend after a European rival essentially stole his bone Two weeks ago Spike an Ohio base
Meat,Yr Elenydd Powys After scaling Drygarn Fawr my mind turns to the quartzite contained withinA bright cold day promises firm going across the miry moorland that leads to the fine remote hill of Drygarn Fawr presiding spirit of what the late Wynford Vaugha
Meat,We thank our sponsor for making this content possible it is not written by the editorial staff nor does it necessarily reflect its views Traditional flowers can be overrated and come off as an easy out Dare to do something different this Valentine s Day
Meat,Making her mum s Korean dishes for her own daughter led to the cookery writer winning an OFM Award Now the recipes are at the heart of her new cookbookEagle eyed readers might recognise Su Scott s name In she won best reader s recipe at our annual awa
Meat,Thanks to the Dead Milkmen I ve known for decades that you can smoke banana peels I m not sure it s wise to do so but that s up to you But did you know you can also eat banana peels I had no idea until recently Read the rest
Meat,The world this week
Meat,US Sen Tim Scott of South Carolina is not fanning the flames of fear about American carnage writes John Avlon His place on the stage as a Black Republican US senator preaching the need for national unity to achieve national greatness goes a long way t
Meat,Airlines like Delta and JAL are offering a skip meal option to save money and prevent waste on board But is it just greenwashing
Meat,Two years after introducing the McPlant Burger McDonald s is offering a meat free version of another famous fast food item
Meat,In these days of food shortages you might assume lasagne pizza and meatballs are off the menu But with some simple substitutions you can still enjoy many favourite mealsA combination of high electricity prices and bad weather has led to salad items being r
Meat,A healthy diet regular exercise and an active social life are some of the keys to maintaining your memory
Meat,Almond milk and other plant based alternatives can be called milk the Food and Drug Administration said It s a win for brands like Oatly and Silk
Meat,Dollar Tree said that it has dramatically boosted the number of stores selling products that cost up to
Meat,Bill Gates told the BBC he s not part of the problem because he pays for carbon offsets and spends billions of dollars on climate innovation
Meat,Welcome to Deadspin s The Sports Nihilist where all is for naught and we are but accidental jolts of electrified meat stuck to the surface of a rock in an indifferent universe Fuck you Read more
Meat,Russia s Wagner Group considered to be Putin s de facto private army recently released a video of the bodies of soldiers piled high
Meat,The United States is known around the world as a land of big burgers and even bigger steaks While our red meat consumption still dwarfs that of most other countries chicken not beef is now
Meat,Led by Dorian Leger and Milena Ivanisevic from Connectomix Bio researchers are turning agricultural waste into oils in order to fight a future of food insecurity and to reduce methane emissions To achieve this they first break down waste like corn husks
Meat,Iron deficiency can strike anyone Here s how to know if you re getting enough daily iron
Meat,In the th century the prized feathers were more expensive by weight than gold Today from Strictly Come Dancing to the humble feather duster demand remains high and is largely met by farms in South Africa s Western Cape ul li Photographs by Rip Hopkins
Meat,Ukrainian soldiers who have been holding off a Russian offensive around the city describe intense fighting ul li Russia Ukraine war latest news updates li ul Oleh Bendyk showed off a video taken in Ukraine s eastern forests It shows a group of soldiers
Meat,Dogs lead lives of loneliness Grey parrots die years earlier than their natural lifespans And it is hard to fathom the boredom of pet fishAt the end of last year the state of New York banned pet stores from selling cats dogs or rabbits The state wants t
Meat,Kraft American slices are delicious but that s not your only option
Meat,Showrunner Jesse Armstrong says he never thought this could go on forever but that it feels quite perverse to stop doing it Succession the critically acclaimed satirical drama about a media mogul and his family s fight over his legacy is set to end with
Meat,Don t miss your chance to save on choice cuts of beef chicken pork seafood and more delivered right to your doorstep
Meat,Presence of teeth from extinct hominin challenges view that only members of Homo genus used complex toolsThe discovery of stone tools dating back nearly m years has raised questions about which hominin species was behind the ancient technology The artefacts
Meat,Fun with astrophysics
Meat,Bordeaux wine makers pressure government with plan to destroy of their vineyards to raise prices amid red wine sales lossBordeaux winemakers are demanding government compensation to destroy vines and pour unsold stocks down the drain a move they say is n
Meat,If you love stuffed peppers and soup then you are going to fall in love with this stuffed pepper soup recipe It has it all lean protein packed with vegetables black beans all encased in a flavorful soup that gets topped with a little cheese and cilantro
Meat,A former head of food services at a south suburban school district has been charged in a massive embezzlement scheme in which she allegedly stole more than cases of chicken wings valued at million over a month period What do you think Read mor
Meat,Aromatic sticky rice cheese and bacon soup cannellini beans with aubergine the perfect way to lift the spirits on a wintry dayThere is much joy to be had in holding a bowl of food in your hands your fingers gradually warmed by the dish and its fragrant c
Meat,Futuristic food science technology could finally bring plant based salmon filets and tuna steaks to the table
Meat,Wetlands are being lost at a faster rate than forests but in some regions beavers are part of the solution
Meat,If you re making the switch to more vegetarian and plant based meals chances are you ve been adding more beans to your roster of regular dishes That means you ve likely been loading up your grocery cart with cans galore But while canned beans are convenien
Meat,XSpecial Meat Tenderizer Tool Blades Stainless Steel Easy to Use Clean Turn Tough Hard Meats Into Tender Buttery Goodness No More Hammer Or Mallet Pounding Amazon ca Home
Meat,Smartphones and bacon are among the products that have fallen in price despite sky high inflation
Meat,Members of the dwindling community are on a quest to reconnect to help preserve their culture
Meat,Stir fry sometimes hyphenated as stir fry is a Chinese cooking style dating back over years that involves the quick high heat cooking of meat and or vegetables in oil using a smooth metal pan or bowl traditionally a wok In recent years the popu
Meat,In recent years we ve seen an influx of self proclaimed cozy games video games explicitly designed to invoke good vibes Being cozy however isn t the same as being good To help those who could use some help winding down we ve rounded up a selection of
Meat,Want to move on from button mushrooms but don t know where to start Here is how to store select and prepare everything from porcini to portobelloMost of us know where we are with button mushrooms they are inoffensive bland and fairly sturdy You can sti
Meat,A large amount of Americans don t realize that a boneless wing that isn t a wing at all
Meat,Carrots are an underrated vegetable if you ask me They are flavorful filling and good for you One of the easiest ways to prepare carrots is this oven roasted carrots recipe This goes well with any meat entree especially beef Or you could serve these ro
